filtered_frame,original_frame,relative_seconds
1,1,0.000000000
2,2,0.029733000
3,3,0.029761000
4,4,0.029944000
5,5,0.029957000
6,6,0.041750000
7,7,0.044197000
8,8,0.045646000
9,21,0.088910000
10,22,0.089006000
11,24,0.089170000
12,26,0.089283000
13,27,0.090536000
14,28,0.091543000
15,29,0.091559000
16,30,0.092597000
17,31,0.092640000
18,32,0.093396000
19,33,0.093411000
20,34,0.095002000
21,35,0.095013000
22,36,0.095020000
23,37,0.095152000
24,38,0.095352000
25,39,0.095369000
26,40,0.095553000
27,41,0.095570000
28,42,0.095738000
29,43,0.095763000
30,44,0.096468000
31,45,0.096477000
32,46,0.100160000
33,47,0.100180000
34,48,0.100354000
35,49,0.100375000
36,50,0.100568000
37,51,0.100578000
38,52,0.100940000
39,53,0.100960000
40,54,0.101076000
41,55,0.101215000
42,56,0.101394000
43,57,0.101452000
44,58,0.101784000
45,59,0.101810000
46,60,0.102006000
47,61,0.102019000
48,62,0.102289000
49,63,0.102310000
50,64,0.102500000
51,65,0.102662000
52,66,0.102839000
53,67,0.102855000
54,68,0.103030000
55,69,0.103045000
56,70,0.103231000
57,71,0.103247000
58,72,0.103440000
59,73,0.103457000
60,74,0.103576000
61,75,0.103835000
62,76,0.104022000
63,77,0.104068000
64,78,0.104282000
65,79,0.104377000
66,80,0.104601000
67,81,0.104627000
68,82,0.104728000
69,83,0.104827000
70,84,0.104986000
71,85,0.105025000
72,86,0.105133000
73,87,0.105200000
74,88,0.105347000
75,89,0.105358000
76,90,0.105520000
77,91,0.105592000
78,92,0.105819000
79,93,0.105840000
80,94,0.105979000
81,95,0.106037000
82,96,0.106195000
83,97,0.106226000
84,98,0.106365000
85,99,0.106427000
86,100,0.106585000
87,101,0.106607000
88,102,0.106757000
89,103,0.106827000
90,104,0.115352000
91,105,0.115372000
92,106,0.115515000
93,107,0.115612000
94,108,0.115842000
95,109,0.115884000
96,110,0.116027000
97,111,0.116083000
98,112,0.116236000
99,113,0.116247000
100,114,0.116409000
101,115,0.116457000
102,116,0.116681000
103,117,0.116700000
104,118,0.116886000
105,119,0.116900000
106,120,0.117077000
107,121,0.117096000
108,122,0.117277000
109,123,0.117294000
110,124,0.117475000
111,125,0.117488000
112,126,0.117734000
113,127,0.117761000
114,128,0.117903000
115,129,0.117918000
116,130,0.118102000
117,131,0.118113000
118,132,0.118353000
119,133,0.118586000
120,134,0.118741000
121,135,0.118750000
122,136,0.118931000
123,137,0.118940000
124,138,0.119125000
125,139,0.119142000
126,140,0.119325000
127,141,0.119334000
128,142,0.119541000
129,143,0.119550000
130,144,0.119767000
131,145,0.120536000
132,146,0.120691000
133,147,0.120796000
134,148,0.120918000
135,149,0.121008000
136,150,0.121243000
137,151,0.121310000
138,152,0.121432000
139,153,0.121490000
140,154,0.121610000
141,155,0.121697000
142,156,0.121843000
143,157,0.121914000
144,158,0.122104000
145,159,0.122162000
146,160,0.122363000
147,161,0.122448000
148,162,0.122591000
149,163,0.122672000
150,164,0.122876000
151,169,0.127074000
152,170,0.134329000
153,171,0.134589000
154,182,66.014087000
155,183,66.014216000
156,184,66.251674000
157,185,66.251802000
158,186,67.514625000
159,187,67.514747000
160,188,67.688626000
161,189,67.688740000
162,190,129.588892000
163,191,129.589203000
164,192,129.650734000
165,193,129.653476000
166,194,129.696694000
167,195,129.699748000
168,196,129.702367000
169,197,129.704957000
170,198,129.711634000
171,199,129.714778000
172,200,130.330333000
173,201,130.333050000
174,202,130.341084000
175,203,130.343998000
176,204,130.346235000
177,205,130.349162000
178,206,130.356356000
179,207,130.359338000
180,208,131.736336000
181,209,131.739143000
182,210,131.763107000
183,211,131.766631000
184,212,131.827433000
185,213,131.830223000
186,214,131.853215000
187,215,131.856444000
188,216,131.932501000
189,217,131.935218000
190,218,131.936444000
191,219,131.940352000
192,220,131.941738000
193,221,131.945678000
194,222,131.946538000
195,223,131.951223000
196,224,131.952184000
197,225,131.956452000
198,226,131.957725000
199,227,131.961279000
200,228,131.962396000
201,229,131.965969000
202,230,131.967047000
203,231,131.973240000
204,232,131.974523000
205,233,131.978008000
206,234,131.978942000
207,235,131.982664000
208,236,133.243401000
209,237,133.247094000
210,238,133.255631000
211,239,133.258552000
212,240,133.265403000
213,241,133.268213000
214,242,133.269419000
215,243,133.269455000
216,244,133.277429000
217,245,133.277458000
218,246,133.285419000
219,247,133.285448000
220,248,133.293420000
221,249,133.293447000
222,250,133.301467000
223,251,133.301502000
224,252,133.309422000
225,253,133.309784000
226,254,133.317427000
227,255,133.317460000
228,256,133.325427000
229,257,133.325619000
230,258,133.333426000
231,259,133.333462000
232,264,133.812922000
233,265,133.815770000
234,266,133.828625000
235,267,133.832275000
236,268,133.842876000
237,269,133.846895000
238,270,134.020976000
239,271,134.025815000
240,272,134.040363000
241,273,134.043688000
242,274,134.052096000
243,275,134.057979000
244,276,134.100475000
245,277,134.104170000
246,278,134.177457000
247,279,134.193959000
248,280,134.215976000
249,281,134.220599000
250,282,134.232043000
251,283,134.235685000
252,284,134.247794000
253,285,134.251359000
254,286,134.283344000
255,287,134.286948000
256,288,134.296515000
257,289,134.303045000
258,290,134.307586000
259,291,134.311119000
260,292,134.320337000
261,293,134.323347000
262,294,134.338494000
263,295,134.341223000
264,296,134.416021000
265,297,134.423137000
266,298,134.429590000
267,299,134.433187000
268,300,134.454963000
269,301,134.458572000
270,302,134.474128000
271,303,134.478267000
272,304,134.492884000
273,305,134.496395000
274,306,134.504252000
275,307,134.506286000
276,308,134.509234000
277,309,134.509439000
278,310,134.514406000
279,311,134.515225000
280,312,134.515258000
281,313,134.515745000
282,314,134.525405000
283,315,134.525832000
284,316,134.532901000
285,317,134.556856000
286,318,134.562537000
287,319,134.562803000
288,320,134.566918000
289,321,134.570600000
290,322,134.570643000
291,323,134.571076000
292,324,134.575711000
293,325,134.576052000
294,326,134.580424000
295,327,134.580671000
296,328,134.585238000
297,329,134.585993000
298,330,134.586020000
299,331,134.586453000
300,332,134.588251000
301,333,134.588512000
302,334,134.598511000
303,335,134.600601000
304,336,134.609331000
305,337,134.609749000
306,338,134.617556000
307,339,134.647873000
308,340,134.661000000
309,341,134.676774000
310,342,134.695070000
311,343,134.696351000
312,344,134.703451000
313,345,134.710727000
314,346,134.713405000
315,347,134.741252000
316,348,134.746622000
317,349,134.746969000
318,350,134.751977000
319,351,134.752804000
320,352,134.752841000
321,353,134.753260000
322,354,134.759090000
323,355,134.759332000
324,356,134.772634000
325,357,134.772911000
326,358,134.777695000
327,359,134.778100000
328,360,134.787175000
329,361,134.791173000
330,362,134.800843000
331,363,134.828980000
332,364,134.836739000
333,365,134.843286000
334,366,134.859824000
335,367,134.861557000
336,368,134.866509000
337,369,134.867471000
338,370,134.867509000
339,371,134.868043000
340,372,134.870498000
341,373,134.870800000
342,374,134.876788000
343,375,134.880760000
344,376,134.882850000
345,377,134.883012000
346,378,134.887521000
347,379,134.890015000
348,380,134.890060000
349,381,134.891711000
350,382,134.896191000
351,383,134.896436000
352,384,134.903557000
353,385,134.904269000
354,386,134.994927000
355,387,135.085730000
356,388,135.121800000
357,389,135.215645000
358,390,135.227520000
359,391,135.228477000
360,392,135.243496000
361,393,135.245325000
362,394,135.252257000
363,395,135.252828000
364,396,135.253257000
365,397,135.253493000
366,398,135.257753000
367,399,135.259962000
368,400,135.269134000
369,401,135.271412000
370,402,135.273750000
371,403,135.274322000
372,404,135.278760000
373,405,135.279867000
374,406,135.286026000
375,407,135.288428000
376,408,135.293046000
377,409,135.295117000
378,410,135.296092000
379,411,135.296907000
380,412,135.301063000
381,413,135.302264000
382,414,135.303019000
383,415,135.303781000
384,416,135.305726000
385,417,135.306231000
386,418,135.311051000
387,419,135.314828000
388,420,135.321730000
389,421,135.322349000
390,422,135.324333000
391,423,135.325105000
392,424,135.330068000
393,425,135.330947000
394,426,135.335948000
395,427,135.336350000
396,428,135.340563000
397,429,135.341502000
398,430,135.346298000
399,431,135.346633000
400,432,135.351562000
401,433,135.353490000
402,434,135.354099000
403,435,135.354503000
404,436,135.356890000
405,437,135.357219000
406,438,135.361562000
407,439,135.362539000
408,440,135.368123000
409,441,135.368432000
410,442,135.372563000
411,443,135.373520000
412,444,135.374081000
413,445,135.374458000
414,446,135.376846000
415,447,135.378039000
416,448,135.382914000
417,449,135.383844000
418,450,135.385839000
419,451,135.386168000
420,452,135.390828000
421,453,135.393107000
422,454,135.398068000
423,455,135.406802000
424,456,135.411651000
425,457,135.412581000
426,458,135.414153000
427,459,135.414622000
428,460,135.417250000
429,461,135.419526000
430,462,135.424618000
431,463,135.425560000
432,464,135.429713000
433,465,135.430068000
434,466,135.434622000
435,467,135.435988000
436,468,135.438177000
437,469,135.439198000
438,470,135.445579000
439,471,135.449194000
440,472,135.454135000
441,473,135.455042000
442,474,135.456879000
443,475,135.458644000
444,476,135.465593000
445,477,135.465876000
446,478,135.470159000
447,479,135.471113000
448,480,135.491203000
449,481,135.492059000
450,482,135.496144000
451,483,135.499393000
452,484,135.500198000
453,485,135.505460000
454,486,135.509470000
455,487,135.509845000
456,488,135.514135000
457,489,135.515026000
458,490,135.527024000
459,491,135.527678000
460,492,135.529861000
461,493,135.530442000
462,494,135.536853000
463,495,135.537553000
464,496,135.539322000
465,497,135.554907000
466,498,135.556685000
467,499,135.557670000
468,500,135.559026000
469,501,135.560119000
470,502,135.561918000
471,503,135.562492000
472,504,135.564070000
473,505,135.564690000
474,506,156.628336000
475,507,156.628463000
476,508,156.677717000
477,509,156.677847000
478,510,156.684355000
479,511,156.684378000
480,512,156.692343000
481,513,156.692365000
482,514,156.703556000
483,515,156.703832000
484,516,156.705421000
485,517,156.705925000
486,518,156.724345000
487,519,156.724507000
488,520,156.732341000
489,521,156.732362000
490,522,156.764340000
491,523,156.764463000
492,524,156.772339000
493,525,156.772360000
494,526,156.796337000
495,527,156.796443000
496,528,156.806527000
497,529,156.806547000
498,530,156.812343000
499,531,156.812366000
500,532,156.813224000
501,533,156.813647000
502,534,156.815153000
503,535,156.815424000
504,536,156.836338000
505,537,156.836366000
506,538,156.844377000
507,539,156.844443000
508,540,156.860361000
509,541,156.860377000
510,542,156.868336000
511,543,156.868350000
512,544,156.876338000
513,545,156.876455000
514,546,156.892339000
515,547,156.892356000
516,548,156.900356000
517,549,156.900376000
518,550,156.916488000
519,551,156.916503000
520,552,156.924344000
521,553,156.924366000
522,554,156.932365000
523,555,156.932384000
524,556,156.941307000
525,557,156.941626000
526,558,156.946190000
527,559,156.946512000
528,560,156.948337000
529,561,156.948354000
530,562,156.956496000
531,563,156.956516000
532,564,156.964340000
533,565,156.964359000
534,566,156.980336000
535,567,156.980449000
536,568,156.990473000
537,569,156.990492000
538,570,156.996334000
539,571,156.996351000
540,572,157.013396000
541,573,157.013508000
542,574,157.021684000
543,575,157.021704000
544,576,157.028333000
545,577,157.028353000
546,578,157.036337000
547,579,157.036357000
548,580,157.043997000
549,581,157.044412000
550,582,157.045157000
551,583,157.045446000
552,584,157.053553000
553,585,157.053572000
554,586,157.068334000
555,587,157.068436000
556,588,157.084710000
557,589,157.084836000
558,590,157.100337000
559,591,157.100355000
560,592,157.116336000
561,593,157.116452000
562,594,157.141332000
563,595,157.141446000
564,596,157.154708000
565,597,157.154937000
566,598,157.156327000
567,599,157.156552000
568,600,157.164343000
569,601,157.164368000
570,602,157.246336000
571,603,157.246451000
572,604,157.251417000
573,605,157.251695000
574,606,157.252308000
575,607,157.252819000
576,608,157.270333000
577,609,157.270453000
578,610,157.303334000
579,611,157.303456000
580,612,157.319334000
581,613,157.319472000
582,614,157.335687000
583,615,157.335705000
584,616,157.344560000
585,617,157.344677000
586,618,157.351370000
587,619,157.351385000
588,620,157.359350000
589,621,157.359368000
590,622,157.364467000
591,623,157.364768000
592,624,157.365599000
593,625,157.365830000
594,626,157.369357000
595,627,157.369382000
596,628,157.375393000
597,629,157.375416000
598,630,157.383336000
599,631,157.383352000
600,632,157.391331000
601,633,157.391348000
602,634,157.399338000
603,635,157.399357000
604,636,157.408303000
605,637,157.408325000
606,638,157.431821000
607,639,157.431841000
608,640,157.431860000
609,641,157.431868000
610,642,157.440728000
611,643,157.440749000
612,644,157.447333000
613,645,157.447352000
614,646,157.455339000
615,647,157.455361000
616,648,157.463336000
617,649,157.463354000
618,650,157.471340000
619,651,157.471465000
620,652,157.472004000
621,653,157.472213000
622,654,157.473816000
623,655,157.475217000
624,656,157.479340000
625,657,157.479365000
626,658,157.487337000
627,659,157.487466000
628,660,157.495339000
629,661,157.495361000
630,662,157.503334000
631,663,157.503355000
632,664,157.533635000
633,665,157.533761000
634,666,157.533778000
635,667,157.533787000
636,668,157.539545000
637,669,157.539577000
638,670,157.539614000
639,671,157.539628000
640,672,157.543343000
641,673,157.543369000
642,674,157.552256000
643,675,157.552288000
644,676,157.559333000
645,677,157.559353000
646,678,157.569022000
647,679,157.569045000
648,680,157.575746000
649,681,157.576258000
650,682,157.576277000
651,683,157.576292000
652,684,157.578170000
653,685,157.578486000
654,686,157.583407000
655,687,157.583427000
656,688,157.591348000
657,689,157.591369000
658,690,157.599337000
659,691,157.599362000
660,692,157.608338000
661,693,157.608361000
662,694,157.616348000
663,695,157.616385000
664,696,157.624341000
665,697,157.624365000
666,698,157.632334000
667,699,157.632355000
668,700,157.640337000
669,701,157.640358000
670,702,157.649340000
671,703,157.649361000
672,704,157.657434000
673,705,157.657582000
674,706,157.665338000
675,707,157.665474000
676,708,157.673340000
677,709,157.673527000
678,710,157.681431000
679,711,157.681568000
680,712,157.690043000
681,713,157.690179000
682,714,157.696793000
683,715,157.697163000
684,716,157.697331000
685,717,157.697353000
686,718,157.698270000
687,719,157.698501000
688,720,157.705396000
689,721,157.705536000
690,722,157.713339000
691,723,157.713477000
692,724,157.722976000
693,725,157.723116000
694,726,157.730344000
695,727,157.730514000
696,728,157.738727000
697,729,157.738861000
698,730,157.746464000
699,731,157.746590000
700,732,157.754616000
701,733,157.754758000
702,734,157.763163000
703,735,157.763366000
704,736,157.770337000
705,737,157.770516000
706,738,157.778334000
707,739,157.778467000
708,740,157.786401000
709,741,157.786538000
710,742,157.794338000
711,743,157.794477000
712,744,157.802279000
713,745,157.802354000
714,746,157.802385000
715,747,157.802911000
716,748,157.804323000
717,749,157.804622000
718,750,157.810334000
719,751,157.810476000
720,752,157.819327000
721,753,157.819463000
722,754,157.828353000
723,755,157.828490000
724,756,157.835339000
725,757,157.835475000
726,758,157.843796000
727,759,157.843933000
728,760,157.851343000
729,761,157.851524000
730,762,157.859332000
731,763,157.859465000
732,764,157.867487000
733,765,157.867618000
734,766,157.885617000
735,767,157.885764000
736,768,157.899336000
737,769,157.899474000
738,770,157.915436000
739,771,157.915598000
740,772,157.924253000
741,773,157.924669000
742,774,157.925617000
743,775,157.925856000
744,776,157.931336000
745,777,157.931468000
746,778,157.955339000
747,779,157.955474000
748,780,157.971342000
749,781,157.971483000
750,782,157.987334000
751,783,157.987469000
752,784,157.996473000
753,785,157.996610000
754,786,158.019329000
755,787,158.019468000
756,788,158.035351000
757,789,158.035485000
758,790,158.041859000
759,791,158.042096000
760,792,158.042904000
761,793,158.043153000
762,794,158.075341000
763,795,158.075364000
764,796,158.083500000
765,797,158.083523000
766,798,158.219333000
767,799,158.219482000
768,800,158.583165000
769,801,158.600420000
770,802,158.601873000
771,803,158.605236000
772,804,161.057436000
773,805,161.057560000
774,806,161.107512000
775,807,161.107634000
776,808,161.159157000
777,809,161.159272000
778,810,161.168160000
779,811,161.168180000
780,812,161.186324000
781,813,161.186343000
782,814,161.211818000
783,815,161.211926000
784,816,161.235325000
785,817,161.235347000
786,818,161.251324000
787,819,161.251343000
788,820,161.275345000
789,821,161.275445000
790,822,161.294363000
791,823,161.294532000
792,824,161.316328000
793,825,161.316492000
794,826,161.336347000
795,827,161.336544000
796,828,161.356332000
797,829,161.356599000
798,830,161.371330000
799,831,161.371361000
800,832,161.393493000
801,833,161.393649000
802,834,161.429333000
803,835,161.429358000
804,836,161.429377000
805,837,161.429387000
806,838,161.445324000
807,839,161.445443000
808,840,161.461328000
809,841,161.461451000
810,842,161.486121000
811,843,161.486346000
812,844,161.501326000
813,845,161.501474000
814,846,161.535141000
815,847,161.535305000
816,848,161.541381000
817,849,161.541406000
818,850,161.567124000
819,851,161.567239000
820,852,161.581323000
821,853,161.581453000
822,854,161.606851000
823,855,161.606996000
824,856,161.622596000
825,857,161.622931000
826,858,161.650299000
827,859,161.650323000
828,860,161.661467000
829,861,161.661490000
830,862,161.686009000
831,863,161.686268000
832,864,161.702816000
833,865,161.702960000
834,866,161.726326000
835,867,161.726468000
836,868,161.746845000
837,869,161.747026000
838,870,161.766331000
839,871,161.766553000
840,872,161.782391000
841,873,161.782555000
842,874,161.807331000
843,875,161.807504000
844,876,161.825177000
845,877,161.825327000
846,878,161.847337000
847,879,161.847580000
848,880,161.866448000
849,881,161.866475000
850,882,161.879488000
851,883,161.879633000
852,884,161.903330000
853,885,161.903500000
854,886,161.920700000
855,887,161.920730000
856,888,161.947488000
857,889,161.947631000
858,890,161.976895000
859,891,161.977045000
860,892,162.001328000
861,893,162.001500000
862,894,162.027574000
863,895,162.027749000
864,896,162.049324000
865,897,162.049349000
866,898,162.082827000
867,899,162.082966000
868,900,162.114529000
869,901,162.114656000
870,902,162.139405000
871,903,162.139541000
872,904,162.655954000
873,905,162.663528000
874,906,163.733514000
875,907,163.733697000
876,908,163.769691000
877,909,163.773287000
878,910,163.790172000
879,911,163.790206000
880,912,163.870639000
881,913,163.870785000
882,914,163.936259000
883,915,163.936405000
884,916,163.982405000
885,917,163.982541000
886,918,164.039272000
887,919,164.039441000
888,920,164.078316000
889,921,164.078456000
890,922,164.112006000
891,923,164.112144000
892,924,164.142315000
893,925,164.142467000
894,926,164.167271000
895,927,164.167295000
896,928,164.211010000
897,929,164.211176000
898,930,164.214985000
899,931,164.215012000
900,932,164.238315000
901,933,164.238351000
902,934,164.262863000
903,935,164.263068000
904,936,164.279317000
905,937,164.279498000
906,938,164.304322000
907,939,164.304495000
908,940,164.328365000
909,941,164.328550000
910,942,164.352990000
911,943,164.353171000
912,944,164.379784000
913,945,164.379936000
914,946,164.411425000
915,947,164.411873000
916,948,164.433359000
917,949,164.433529000
918,950,164.467353000
919,951,164.467511000
920,952,164.499320000
921,953,164.499489000
922,954,164.539312000
923,955,164.539479000
924,956,164.581316000
925,957,164.581619000
926,958,164.622316000
927,959,164.622488000
928,960,164.663426000
929,961,164.663576000
930,962,164.703314000
931,963,164.703573000
932,964,164.745242000
933,965,164.745419000
934,966,164.776086000
935,967,164.776229000
936,968,164.820143000
937,969,164.820285000
938,970,164.851840000
939,971,164.852009000
940,972,164.879313000
941,973,164.879455000
942,974,164.911379000
943,975,164.911542000
944,976,164.952311000
945,977,164.952471000
946,978,165.002782000
947,979,165.002964000
948,980,165.025324000
949,981,165.025483000
950,982,165.056414000
951,983,165.056570000
952,984,165.088403000
953,985,165.088686000
954,986,165.121544000
955,987,165.121714000
956,988,165.163031000
957,989,165.163183000
958,990,165.194590000
959,991,165.194769000
960,992,165.245621000
961,993,165.245959000
962,994,165.281696000
963,995,165.281901000
964,996,165.354795000
965,997,165.354984000
966,998,165.378520000
967,999,165.378707000
968,1000,165.446273000
969,1001,165.446544000
970,1002,165.511147000
971,1003,165.511322000
972,1004,165.538728000
973,1005,165.538875000
974,1006,165.588314000
975,1007,165.588481000
976,1008,167.632562000
977,1009,167.632714000
978,1010,167.654804000
979,1011,167.654944000
980,1012,167.677156000
981,1013,167.677311000
982,1014,167.702304000
983,1015,167.702444000
984,1016,167.724304000
985,1017,167.724327000
986,1018,167.748303000
987,1019,167.748466000
988,1020,167.772306000
989,1021,167.772337000
990,1022,167.796304000
991,1023,167.796465000
992,1024,167.859622000
993,1025,167.859788000
994,1026,167.859812000
995,1027,167.859824000
996,1028,167.890840000
997,1029,167.890874000
998,1030,167.890915000
999,1031,167.890929000
1000,1032,167.903304000
1001,1033,167.903335000
1002,1034,167.917508000
1003,1035,167.917532000
1004,1036,167.941305000
1005,1037,167.941563000
1006,1038,167.983960000
1007,1039,167.984111000
1008,1040,167.984134000
1009,1041,167.984147000
1010,1042,168.015167000
1011,1043,168.015326000
1012,1044,168.029309000
1013,1045,168.029477000
1014,1046,168.045319000
1015,1047,168.045501000
1016,1048,168.091535000
1017,1049,168.091732000
1018,1050,168.093624000
1019,1051,168.093649000
1020,1052,168.117440000
1021,1053,168.117587000
1022,1054,168.141302000
1023,1055,168.141534000
1024,1056,168.167983000
1025,1057,168.168138000
1026,1058,168.201889000
1027,1059,168.202040000
1028,1060,168.224298000
1029,1061,168.224466000
1030,1062,168.255367000
1031,1063,168.255512000
1032,1064,168.287307000
1033,1065,168.287457000
1034,1066,168.327304000
1035,1067,168.327452000
1036,1068,168.361496000
1037,1069,168.361668000
1038,1070,168.391297000
1039,1071,168.391532000
1040,1072,168.428043000
1041,1073,168.428219000
1042,1074,168.465308000
1043,1075,168.465489000
1044,1076,168.513496000
1045,1077,168.513746000
1046,1078,168.553685000
1047,1079,168.553877000
1048,1080,168.602311000
1049,1081,168.602465000
1050,1082,168.650353000
1051,1083,168.650521000
1052,1084,168.690303000
1053,1085,168.690480000
1054,1086,168.738308000
1055,1087,168.738481000
1056,1088,168.778360000
1057,1089,168.778507000
1058,1090,168.830832000
1059,1091,168.830993000
1060,1092,168.875302000
1061,1093,168.875447000
1062,1094,168.924305000
1063,1095,168.924481000
1064,1096,168.981299000
1065,1097,168.981467000
1066,1098,169.029300000
1067,1099,169.029440000
1068,1100,169.070361000
1069,1101,169.070499000
1070,1102,169.110669000
1071,1103,169.110803000
1072,1104,169.150298000
1073,1105,169.150430000
1074,1106,169.190695000
1075,1107,169.190825000
1076,1108,169.706396000
1077,1109,169.709962000
1078,1110,170.448296000
1079,1111,170.448431000
1080,1112,170.459685000
1081,1113,170.463121000
1082,1114,170.523377000
1083,1115,170.523515000
1084,1116,170.603458000
1085,1117,170.603595000
1086,1118,170.685738000
1087,1119,170.685875000
1088,1120,170.740288000
1089,1121,170.740429000
1090,1122,170.798035000
1091,1123,170.798179000
1092,1124,170.849087000
1093,1125,170.849230000
1094,1126,170.886297000
1095,1127,170.886432000
1096,1128,170.928356000
1097,1129,170.928492000
1098,1130,170.967296000
1099,1131,170.967441000
1100,1132,171.007541000
1101,1133,171.007710000
1102,1134,171.047675000
1103,1135,171.047841000
1104,1136,171.079297000
1105,1137,171.079329000
1106,1138,171.140766000
1107,1139,171.140954000
1108,1140,171.177661000
1109,1141,171.177850000
1110,1142,171.210823000
1111,1143,171.210968000
1112,1144,171.239138000
1113,1145,171.239313000
1114,1146,171.255938000
1115,1147,171.255962000
1116,1148,171.287297000
1117,1149,171.287479000
1118,1150,171.328482000
1119,1151,171.328507000
1120,1152,171.394849000
1121,1153,171.394881000
1122,1154,171.407373000
1123,1155,171.407396000
1124,1156,171.447294000
1125,1157,171.447318000
1126,1158,171.508136000
1127,1159,171.508158000
1128,1160,171.533622000
1129,1161,171.533650000
1130,1162,171.562591000
1131,1163,171.562616000
1132,1164,171.601293000
1133,1165,171.601320000
1134,1166,171.650317000
1135,1167,171.650345000
1136,1168,171.700764000
1137,1169,171.700796000
1138,1170,171.746294000
1139,1171,171.746319000
1140,1172,171.806463000
1141,1173,171.806492000
1142,1174,171.851517000
1143,1175,171.851551000
1144,1176,171.897164000
1145,1177,171.897197000
1146,1178,171.932420000
1147,1179,171.932463000
1148,1180,171.970338000
1149,1181,171.970391000
1150,1182,172.003034000
1151,1183,172.003067000
1152,1184,172.034301000
1153,1185,172.034335000
1154,1186,172.067776000
1155,1187,172.067810000
1156,1188,172.099295000
1157,1189,172.099327000
1158,1190,172.133264000
1159,1191,172.133297000
1160,1192,172.164293000
1161,1193,172.164318000
1162,1194,172.197080000
1163,1195,172.197110000
1164,1196,172.228622000
1165,1197,172.228653000
1166,1198,172.252295000
1167,1199,172.252325000
1168,1200,172.284920000
1169,1201,172.284954000
1170,1202,172.317288000
1171,1203,172.317316000
1172,1204,172.349286000
1173,1205,172.349313000
1174,1206,172.373299000
1175,1207,172.373329000
1176,1208,172.416088000
1177,1209,172.416117000
1178,1210,172.446445000
1179,1211,172.446470000
1180,1212,174.744279000
1181,1213,174.744432000
1182,1214,174.803855000
1183,1215,174.804044000
1184,1216,174.847265000
1185,1217,174.847448000
1186,1218,174.894285000
1187,1219,174.894468000
1188,1220,174.944444000
1189,1221,174.944629000
1190,1222,175.000283000
1191,1223,175.000457000
1192,1224,175.064983000
1193,1225,175.065156000
1194,1226,175.113705000
1195,1227,175.113850000
1196,1228,175.154283000
1197,1229,175.154452000
1198,1230,175.194282000
1199,1231,175.194431000
1200,1232,175.234279000
1201,1233,175.234422000
1202,1234,175.275170000
1203,1235,175.275311000
1204,1236,175.306279000
1205,1237,175.306400000
1206,1238,175.370203000
1207,1239,175.370337000
1208,1240,175.370355000
1209,1241,175.370363000
1210,1242,175.411279000
1211,1243,175.411417000
1212,1244,175.443346000
1213,1245,175.443489000
1214,1246,175.483084000
1215,1247,175.483250000
1216,1248,175.515285000
1217,1249,175.515423000
1218,1250,175.547276000
1219,1251,175.547410000
1220,1252,175.597483000
1221,1253,175.597664000
1222,1254,175.628274000
1223,1255,175.628411000
1224,1256,175.661279000
1225,1257,175.661435000
1226,1258,175.694282000
1227,1259,175.694437000
1228,1260,175.718287000
1229,1261,175.718310000
1230,1262,175.742305000
1231,1263,175.742443000
1232,1264,175.758278000
1233,1265,175.758419000
1234,1266,175.782530000
1235,1267,175.782667000
1236,1268,175.798280000
1237,1269,175.798417000
1238,1270,175.822275000
1239,1271,175.822415000
1240,1272,175.838283000
1241,1273,175.838516000
1242,1274,175.862273000
1243,1275,175.862410000
1244,1276,175.886280000
1245,1277,175.886411000
1246,1278,175.903468000
1247,1279,175.903489000
1248,1280,175.927296000
1249,1281,175.927435000
1250,1282,175.959281000
1251,1283,175.959415000
1252,1284,175.983274000
1253,1285,175.983407000
1254,1286,176.015371000
1255,1287,176.015512000
1256,1288,176.047729000
1257,1289,176.047990000
1258,1290,176.079280000
1259,1291,176.079434000
1260,1292,176.111273000
1261,1293,176.111292000
1262,1294,176.143274000
1263,1295,176.143397000
1264,1296,176.175279000
1265,1297,176.175300000
1266,1298,176.207275000
1267,1299,176.207395000
1268,1300,176.231271000
1269,1301,176.231388000
1270,1302,176.263270000
1271,1303,176.263447000
1272,1304,176.296280000
1273,1305,176.296397000
1274,1306,176.320274000
1275,1307,176.320391000
1276,1308,176.352362000
1277,1309,176.352484000
1278,1310,176.393292000
1279,1311,176.393410000
1280,1312,176.904331000
1281,1313,176.907915000
1282,1314,177.415304000
1283,1315,177.415455000
1284,1316,177.427633000
1285,1317,177.431166000
1286,1318,177.439311000
1287,1319,177.439378000
1288,1320,177.488329000
1289,1321,177.488436000
1290,1322,177.555268000
1291,1323,177.555379000
1292,1324,177.587266000
1293,1325,177.587284000
1294,1326,177.611274000
1295,1327,177.611447000
1296,1328,177.635271000
1297,1329,177.635289000
1298,1330,177.659270000
1299,1331,177.659288000
1300,1332,177.684272000
1301,1333,177.684389000
1302,1334,177.708269000
1303,1335,177.708293000
1304,1336,177.732273000
1305,1337,177.732390000
1306,1338,177.757270000
1307,1339,177.757293000
1308,1340,177.789266000
1309,1341,177.789374000
1310,1342,177.821266000
1311,1343,177.821284000
1312,1344,177.853268000
1313,1345,177.853366000
1314,1346,177.885297000
1315,1347,177.885417000
1316,1348,177.909296000
1317,1349,177.909312000
1318,1350,177.942296000
1319,1351,177.942463000
1320,1352,177.966336000
1321,1353,177.966483000
1322,1354,177.990295000
1323,1355,177.990411000
1324,1356,178.006306000
1325,1357,178.006324000
1326,1358,178.030306000
1327,1359,178.030323000
1328,1360,178.054324000
1329,1361,178.054503000
1330,1362,178.070474000
1331,1363,178.070542000
1332,1364,178.094306000
1333,1365,178.094346000
1334,1366,178.118299000
1335,1367,178.118318000
1336,1368,178.134268000
1337,1369,178.134358000
1338,1370,178.158268000
1339,1371,178.158385000
1340,1372,178.182265000
1341,1373,178.182367000
1342,1374,178.199265000
1343,1375,178.199279000
1344,1376,178.223310000
1345,1377,178.223410000
1346,1378,178.247267000
1347,1379,178.247285000
1348,1380,178.279354000
1349,1381,178.279464000
1350,1382,178.304263000
1351,1383,178.304281000
1352,1384,178.335266000
1353,1385,178.335372000
1354,1386,178.367267000
1355,1387,178.367383000
1356,1388,178.407268000
1357,1389,178.407412000
1358,1390,178.439289000
1359,1391,178.439306000
1360,1392,178.472474000
1361,1393,178.472602000
1362,1394,178.505377000
1363,1395,178.505511000
1364,1396,178.546571000
1365,1397,178.546720000
1366,1398,178.578282000
1367,1399,178.578462000
1368,1400,178.610986000
1369,1401,178.611010000
1370,1402,178.650267000
1371,1403,178.650412000
1372,1404,178.682269000
1373,1405,178.682428000
1374,1406,178.730229000
1375,1407,178.730428000
1376,1408,178.756267000
1377,1409,178.756292000
1378,1410,178.788517000
1379,1411,178.788648000
1380,1412,178.820965000
1381,1413,178.821126000
1382,1414,178.859696000
1383,1415,178.859849000
1384,1416,181.244255000
1385,1417,181.244396000
1386,1418,181.251195000
1387,1419,181.252610000
1388,1420,181.253521000
1389,1421,181.253730000
1390,1422,181.276266000
1391,1423,181.276444000
1392,1424,181.300256000
1393,1425,181.300389000
1394,1426,181.353001000
1395,1427,181.353136000
1396,1428,181.358501000
1397,1429,181.367241000
1398,1430,181.367382000
1399,1431,181.367404000
1400,1432,181.371986000
1401,1433,181.372278000
1402,1434,181.380261000
1403,1435,181.380397000
1404,1436,181.412262000
1405,1437,181.412400000
1406,1438,181.448336000
1407,1439,181.448465000
1408,1440,181.491339000
1409,1441,181.491482000
1410,1442,181.498869000
1411,1443,181.499264000
1412,1444,181.500194000
1413,1445,181.501013000
1414,1446,181.502362000
1415,1447,181.502384000
1416,1448,181.536260000
1417,1449,181.536398000
1418,1450,181.561258000
1419,1451,181.561391000
1420,1452,181.593409000
1421,1453,181.593566000
1422,1454,181.602406000
1423,1455,181.606755000
1424,1456,181.608151000
1425,1457,181.608430000
1426,1458,181.619256000
1427,1459,181.619413000
1428,1460,181.643262000
1429,1461,181.643428000
1430,1462,181.667376000
1431,1463,181.667519000
1432,1464,181.717541000
1433,1465,181.717694000
1434,1466,181.723259000
1435,1467,181.723459000
1436,1468,181.728442000
1437,1469,181.729118000
1438,1470,181.737841000
1439,1471,181.738348000
1440,1472,181.755253000
1441,1473,181.755391000
1442,1474,181.779255000
1443,1475,181.779397000
1444,1476,181.811261000
1445,1477,181.811400000
1446,1478,181.846662000
1447,1479,181.846794000
1448,1480,181.854027000
1449,1481,181.854337000
1450,1482,181.855228000
1451,1483,181.855544000
1452,1484,181.876263000
1453,1485,181.876402000
1454,1486,181.911688000
1455,1487,181.911821000
1456,1488,181.940422000
1457,1489,181.940555000
1458,1490,181.980318000
1459,1491,181.980450000
1460,1492,181.988318000
1461,1493,181.988677000
1462,1494,181.989592000
1463,1495,181.989887000
1464,1496,182.028812000
1465,1497,182.028946000
1466,1498,182.084125000
1467,1499,182.084265000
1468,1500,182.092516000
1469,1501,182.092887000
1470,1502,182.093254000
1471,1503,182.093276000
1472,1504,182.093971000
1473,1505,182.094165000
1474,1506,182.133256000
1475,1507,182.133396000
1476,1508,182.173261000
1477,1509,182.173396000
1478,1510,182.222253000
1479,1511,182.222385000
1480,1512,182.229096000
1481,1513,182.230204000
1482,1514,182.231184000
1483,1515,182.231376000
1484,1516,182.265569000
1485,1517,182.265701000
1486,1518,182.302250000
1487,1519,182.302384000
1488,1520,182.334253000
1489,1521,182.334385000
1490,1522,182.341249000
1491,1523,182.341458000
1492,1524,182.342353000
1493,1525,182.342658000
1494,1526,182.375452000
1495,1527,182.375590000
1496,1528,182.410719000
1497,1529,182.410865000
1498,1530,182.447709000
1499,1531,182.447841000
1500,1532,182.454973000
1501,1533,182.455358000
1502,1534,182.456310000
1503,1535,182.456867000
1504,1536,182.478260000
1505,1537,182.478414000
1506,1538,182.510459000
1507,1539,182.510592000
1508,1540,182.542783000
1509,1541,182.542803000
1510,1542,182.575259000
1511,1543,182.575408000
1512,1544,182.581429000
1513,1545,182.581653000
1514,1546,182.582396000
1515,1547,182.582600000
1516,1548,182.606254000
1517,1549,182.606378000
1518,1550,182.638252000
1519,1551,182.638369000
1520,1552,182.672298000
1521,1553,182.672318000
1522,1554,182.712266000
1523,1555,182.712468000
1524,1556,182.718581000
1525,1557,182.718921000
1526,1558,182.719655000
1527,1559,182.719837000
1528,1560,182.744255000
1529,1561,182.744392000
1530,1562,182.777261000
1531,1563,182.777446000
1532,1564,182.809264000
1533,1565,182.809434000
1534,1566,182.842253000
1535,1567,182.842373000
1536,1568,182.848318000
1537,1569,182.848649000
1538,1570,182.849414000
1539,1571,182.853225000
1540,1572,182.856227000
1541,1573,182.856796000
1542,1574,184.193284000
1543,1575,184.193438000
1544,1576,184.202397000
1545,1577,184.202791000
1546,1578,184.203731000
1547,1579,184.207210000
1548,1580,184.209747000
1549,1581,184.210263000
1550,1582,184.258734000
1551,1583,184.258864000
1552,1584,184.347407000
1553,1585,184.347534000
1554,1586,184.353936000
1555,1587,184.354338000
1556,1588,184.355441000
1557,1589,184.355649000
1558,1590,184.430580000
1559,1591,184.430701000
1560,1592,184.491247000
1561,1593,184.491370000
1562,1594,184.497704000
1563,1595,184.497991000
1564,1596,184.498713000
1565,1597,184.499259000
1566,1598,184.547253000
1567,1599,184.547458000
1568,1600,184.596307000
1569,1601,184.596425000
1570,1602,184.605758000
1571,1603,184.606056000
1572,1604,184.607057000
1573,1605,184.607245000
1574,1606,184.642834000
1575,1607,184.642987000
1576,1608,184.715897000
1577,1609,184.716032000
1578,1610,184.722701000
1579,1611,184.736472000
1580,1612,184.738107000
1581,1613,184.738396000
1582,1614,184.740245000
1583,1615,184.740266000
1584,1616,184.788246000
1585,1617,184.788400000
1586,1618,184.844246000
1587,1619,184.844386000
1588,1620,184.853769000
1589,1621,184.854104000
1590,1622,184.855451000
1591,1623,184.855705000
1592,1624,184.893250000
1593,1625,184.893388000
1594,1626,184.942247000
1595,1627,184.942408000
1596,1628,185.018079000
1597,1629,185.018215000
1598,1630,185.024847000
1599,1631,185.036285000
1600,1632,185.037618000
1601,1633,185.038107000
1602,1634,185.039254000
1603,1635,185.039282000
1604,1636,185.092724000
1605,1637,185.092853000
1606,1638,185.138548000
1607,1639,185.138689000
1608,1640,185.146587000
1609,1641,185.147544000
1610,1642,185.148542000
1611,1643,185.148835000
1612,1644,185.153248000
1613,1645,185.153275000
1614,1646,185.194247000
1615,1647,185.194376000
1616,1648,185.240978000
1617,1649,185.241111000
1618,1650,185.249010000
1619,1651,185.249289000
1620,1652,185.250141000
1621,1653,185.250348000
1622,1654,185.270141000
1623,1655,185.270270000
1624,1656,185.332139000
1625,1657,185.332309000
1626,1658,185.347470000
1627,1659,185.347491000
1628,1660,185.353787000
1629,1661,185.354382000
1630,1662,185.355279000
1631,1663,185.358322000
1632,1664,185.386245000
1633,1665,185.386460000
1634,1666,185.427248000
1635,1667,185.427373000
1636,1668,185.451247000
1637,1669,185.451374000
1638,1670,185.457642000
1639,1671,185.457882000
1640,1672,185.458699000
1641,1673,185.458996000
1642,1674,185.483250000
1643,1675,185.483378000
1644,1676,185.515241000
1645,1677,185.515369000
1646,1678,185.547251000
1647,1679,185.547376000
1648,1680,185.579685000
1649,1681,185.579826000
1650,1682,185.587153000
1651,1683,185.587475000
1652,1684,185.588566000
1653,1685,185.588788000
1654,1686,185.620406000
1655,1687,185.620535000
1656,1688,185.645326000
1657,1689,185.645455000
1658,1690,185.703063000
1659,1691,185.703199000
1660,1692,185.710771000
1661,1693,185.711381000
1662,1694,185.712549000
1663,1695,185.712849000
1664,1696,185.721628000
1665,1697,185.721652000
1666,1698,185.760902000
1667,1699,185.761042000
1668,1700,185.802018000
1669,1701,185.802165000
1670,1702,185.831246000
1671,1703,185.831379000
1672,1704,185.838955000
1673,1705,185.839273000
1674,1706,185.840149000
1675,1707,185.840457000
1676,1708,185.863242000
1677,1709,185.863376000
1678,1710,185.895386000
1679,1711,185.895524000
1680,1712,185.936370000
1681,1713,185.936514000
1682,1714,185.945137000
1683,1715,185.945393000
1684,1716,185.946766000
1685,1717,185.946991000
1686,1718,185.960255000
1687,1719,185.960426000
1688,1720,185.993959000
1689,1721,185.994088000
1690,1722,186.033241000
1691,1723,186.033371000
1692,1724,186.073245000
1693,1725,186.073376000
1694,1726,186.080489000
1695,1727,186.080815000
1696,1728,186.081766000
1697,1729,186.083554000
1698,1730,186.113243000
1699,1731,186.113375000
1700,1732,186.161242000
1701,1733,186.161366000
1702,1734,186.210244000
1703,1735,186.210363000
1704,1736,186.216258000
1705,1737,186.216572000
1706,1738,186.217514000
1707,1739,186.217881000
1708,1740,186.268315000
1709,1741,186.268498000
1710,1742,186.325346000
1711,1743,186.325470000
1712,1744,186.332244000
1713,1745,186.332578000
1714,1746,186.333311000
1715,1747,186.333832000
1716,1748,199.899561000
1717,1749,199.899689000
1718,1750,199.909734000
1719,1751,199.909876000
1720,1752,199.922224000
1721,1753,199.922397000
1722,1754,199.930202000
1723,1755,199.930330000
1724,1756,199.961604000
1725,1757,199.961733000
1726,1758,199.961752000
1727,1759,199.961759000
1728,1760,199.970199000
1729,1761,199.970323000
1730,1762,199.978200000
1731,1763,199.978322000
1732,1764,199.994202000
1733,1765,199.994332000
1734,1766,200.008206000
1735,1767,200.008332000
1736,1768,200.010198000
1737,1769,200.010321000
1738,1770,200.072486000
1739,1771,200.072615000
1740,1772,200.072633000
1741,1773,200.072639000
1742,1774,200.103468000
1743,1775,200.103597000
1744,1776,200.103615000
1745,1777,200.103623000
1746,1778,200.104194000
1747,1779,200.104208000
1748,1780,200.109566000
1749,1781,200.109688000
1750,1782,200.122894000
1751,1783,200.123104000
1752,1784,200.144550000
1753,1785,200.144683000
1754,1786,200.154573000
1755,1787,200.154695000
1756,1788,200.190218000
1757,1789,200.190346000
1758,1790,200.190367000
1759,1791,200.190377000
1760,1792,200.211440000
1761,1793,200.211609000
1762,1794,200.235372000
1763,1795,200.235515000
1764,1796,200.259552000
1765,1797,200.259686000
1766,1798,200.291197000
1767,1799,200.291333000
1768,1800,200.331197000
1769,1801,200.331327000
1770,1802,200.371648000
1771,1803,200.371809000
1772,1804,200.403213000
1773,1805,200.403345000
1774,1806,200.443594000
1775,1807,200.443735000
1776,1808,200.468292000
1777,1809,200.468443000
1778,1810,200.499202000
1779,1811,200.499341000
1780,1812,200.525288000
1781,1813,200.525429000
1782,1814,200.549801000
1783,1815,200.549939000
1784,1816,200.571828000
1785,1817,200.571977000
1786,1818,200.587272000
1787,1819,200.587425000
1788,1820,200.623472000
1789,1821,200.623609000
1790,1822,200.635201000
1791,1823,200.635351000
1792,1824,200.682954000
1793,1825,200.683093000
1794,1826,200.683199000
1795,1827,200.683214000
1796,1828,200.715366000
1797,1829,200.715512000
1798,1830,200.740202000
1799,1831,200.740338000
1800,1832,200.782139000
1801,1833,200.782275000
1802,1834,200.812443000
1803,1835,200.812578000
1804,1836,200.826395000
1805,1837,200.845235000
1806,1838,201.940191000
1807,1839,201.940325000
1808,1840,201.972618000
1809,1841,201.972753000
1810,1842,202.005191000
1811,1843,202.005345000
1812,1844,202.029189000
1813,1845,202.029319000
1814,1846,202.053199000
1815,1847,202.053381000
1816,1848,202.078194000
1817,1849,202.078327000
1818,1850,202.103379000
1819,1851,202.103550000
1820,1852,202.127195000
1821,1853,202.127326000
1822,1854,202.168406000
1823,1855,202.168533000
1824,1856,202.168550000
1825,1857,202.168556000
1826,1858,202.198775000
1827,1859,202.198904000
1828,1860,202.209071000
1829,1861,202.209197000
1830,1862,202.216189000
1831,1863,202.216316000
1832,1864,202.240728000
1833,1865,202.240852000
1834,1866,202.256194000
1835,1867,202.256325000
1836,1868,202.281193000
1837,1869,202.281321000
1838,1870,202.301688000
1839,1871,202.301847000
1840,1872,202.321637000
1841,1873,202.321767000
1842,1874,202.337563000
1843,1875,202.337694000
1844,1876,202.362518000
1845,1877,202.362651000
1846,1878,202.378220000
1847,1879,202.378350000
1848,1880,202.394317000
1849,1881,202.394445000
1850,1882,202.410194000
1851,1883,202.410336000
1852,1884,202.434499000
1853,1885,202.434630000
1854,1886,202.450189000
1855,1887,202.450318000
1856,1888,202.466190000
1857,1889,202.466337000
1858,1890,202.492093000
1859,1891,202.492228000
1860,1892,202.507079000
1861,1893,202.507224000
1862,1894,202.531191000
1863,1895,202.531328000
1864,1896,202.547188000
1865,1897,202.547315000
1866,1898,202.563988000
1867,1899,202.564121000
1868,1900,202.587200000
1869,1901,202.587334000
1870,1902,202.605049000
1871,1903,202.605197000
1872,1904,202.619189000
1873,1905,202.619322000
1874,1906,202.635194000
1875,1907,202.635321000
1876,1908,202.651762000
1877,1909,202.651937000
1878,1910,202.667265000
1879,1911,202.667404000
1880,1912,202.683195000
1881,1913,202.683321000
1882,1914,202.699197000
1883,1915,202.699364000
1884,1916,202.716188000
1885,1917,202.716308000
1886,1918,202.732194000
1887,1919,202.732329000
1888,1920,202.748183000
1889,1921,202.748394000
1890,1922,202.764253000
1891,1923,202.764376000
1892,1924,202.780196000
1893,1925,202.780316000
1894,1926,202.796188000
1895,1927,202.796306000
1896,1928,202.812412000
1897,1929,202.812534000
1898,1930,202.828190000
1899,1931,202.828327000
1900,1932,202.844335000
1901,1933,202.844455000
1902,1934,202.861257000
1903,1935,202.861385000
1904,1936,202.989847000
1905,1937,202.990034000
1906,1938,203.000821000
1907,1939,203.004415000
1908,1940,204.489185000
1909,1941,204.489301000
1910,1942,204.537188000
1911,1943,204.537303000
1912,1944,204.577467000
1913,1945,204.577580000
1914,1946,204.617463000
1915,1947,204.617649000
1916,1948,204.649223000
1917,1949,204.649340000
1918,1950,204.689214000
1919,1951,204.689328000
1920,1952,204.721188000
1921,1953,204.721329000
1922,1954,204.753301000
1923,1955,204.753421000
1924,1956,204.785188000
1925,1957,204.785351000
1926,1958,204.809185000
1927,1959,204.809369000
1928,1960,204.841185000
1929,1961,204.841307000
1930,1962,204.873196000
1931,1963,204.873317000
1932,1964,204.897219000
1933,1965,204.897344000
1934,1966,204.931183000
1935,1967,204.931301000
1936,1968,204.962187000
1937,1969,204.962305000
1938,1970,204.994208000
1939,1971,204.994325000
1940,1972,205.018210000
1941,1973,205.018318000
1942,1974,205.050186000
1943,1975,205.050300000
1944,1976,205.082185000
1945,1977,205.082324000
1946,1978,205.116180000
1947,1979,205.116288000
1948,1980,205.146178000
1949,1981,205.146285000
1950,1982,205.170181000
1951,1983,205.170290000
1952,1984,205.202178000
1953,1985,205.202277000
1954,1986,205.234183000
1955,1987,205.234391000
1956,1988,205.258183000
1957,1989,205.258292000
1958,1990,205.290179000
1959,1991,205.290286000
1960,1992,205.315178000
1961,1993,205.315283000
1962,1994,205.346203000
1963,1995,205.346318000
1964,1996,205.378292000
1965,1997,205.378399000
1966,1998,205.410181000
1967,1999,205.410289000
1968,2000,205.448222000
1969,2001,205.448340000
1970,2002,205.476180000
1971,2003,205.476323000
1972,2004,205.498219000
1973,2005,205.498329000
1974,2006,205.538175000
1975,2007,205.538291000
1976,2008,205.562408000
1977,2009,205.562564000
1978,2010,205.594179000
1979,2011,205.594367000
1980,2012,205.626298000
1981,2013,205.626460000
1982,2014,205.658217000
1983,2015,205.658438000
1984,2016,205.691712000
1985,2017,205.691884000
1986,2018,205.722470000
1987,2019,205.722612000
1988,2020,205.754326000
1989,2021,205.754454000
1990,2022,205.779273000
1991,2023,205.779404000
1992,2024,205.802232000
1993,2025,205.802409000
1994,2026,205.826190000
1995,2027,205.826358000
1996,2028,205.853179000
1997,2029,205.853349000
1998,2030,205.877604000
1999,2031,205.877735000
2000,2032,205.898226000
2001,2033,205.898357000
2002,2034,205.915182000
2003,2035,205.915319000
2004,2036,205.939193000
2005,2037,205.939328000
2006,2038,205.968364000
2007,2039,205.968500000
2008,2040,206.480871000
2009,2041,206.484434000
2010,2042,207.204171000
2011,2043,207.204283000
2012,2044,207.211247000
2013,2045,207.231045000
2014,2046,207.232148000
2015,2047,207.232552000
2016,2048,207.244171000
2017,2049,207.244280000
2018,2050,207.268197000
2019,2051,207.268371000
2020,2052,207.300171000
2021,2053,207.300286000
2022,2054,207.359404000
2023,2055,207.359530000
2024,2056,207.359563000
2025,2057,207.359571000
2026,2058,207.366787000
2027,2059,207.367147000
2028,2060,207.367854000
2029,2061,207.368088000
2030,2062,207.380170000
2031,2063,207.380343000
2032,2064,207.404176000
2033,2065,207.404316000
2034,2066,207.428170000
2035,2067,207.428286000
2036,2068,207.452174000
2037,2069,207.452289000
2038,2070,207.476171000
2039,2071,207.476384000
2040,2072,207.482201000
2041,2073,207.482566000
2042,2074,207.483308000
2043,2075,207.483490000
2044,2076,207.501210000
2045,2077,207.501327000
2046,2078,207.528140000
2047,2079,207.528261000
2048,2080,207.548171000
2049,2081,207.548287000
2050,2082,207.572173000
2051,2083,207.572295000
2052,2084,207.596235000
2053,2085,207.596357000
2054,2086,207.603028000
2055,2087,207.603684000
2056,2088,207.604769000
2057,2089,207.605446000
2058,2090,207.620169000
2059,2091,207.620376000
2060,2092,207.644269000
2061,2093,207.644393000
2062,2094,207.668172000
2063,2095,207.668300000
2064,2096,207.692177000
2065,2097,207.692304000
2066,2098,207.708170000
2067,2099,207.708308000
2068,2100,207.714003000
2069,2101,207.714423000
2070,2102,207.715193000
2071,2103,207.715490000
2072,2104,207.732176000
2073,2105,207.732299000
2074,2106,207.748175000
2075,2107,207.748291000
2076,2108,207.772176000
2077,2109,207.772296000
2078,2110,207.788169000
2079,2111,207.788286000
2080,2112,207.812202000
2081,2113,207.812308000
2082,2114,207.817512000
2083,2115,207.817844000
2084,2116,207.818573000
2085,2117,207.818776000
2086,2118,207.836172000
2087,2119,207.836288000
2088,2120,207.860170000
2089,2121,207.860279000
2090,2122,207.876169000
2091,2123,207.876268000
2092,2124,207.900168000
2093,2125,207.900269000
2094,2126,207.926206000
2095,2127,207.926297000
2096,2128,207.932042000
2097,2129,207.932336000
2098,2130,207.933031000
2099,2131,207.933306000
2100,2132,207.948216000
2101,2133,207.948309000
2102,2134,207.965170000
2103,2135,207.965265000
2104,2136,207.989167000
2105,2137,207.989259000
2106,2138,208.005170000
2107,2139,208.005257000
2108,2140,208.029205000
2109,2141,208.029305000
2110,2142,208.035872000
2111,2143,208.036255000
2112,2144,208.036930000
2113,2145,208.037190000
2114,2146,208.045168000
2115,2147,208.045315000
2116,2148,208.061167000
2117,2149,208.061265000
2118,2150,208.077171000
2119,2151,208.077289000
2120,2152,208.101166000
2121,2153,208.101279000
2122,2154,208.117166000
2123,2155,208.117268000
2124,2156,208.133171000
2125,2157,208.133353000
2126,2158,208.140372000
2127,2159,208.140751000
2128,2160,208.141904000
2129,2161,208.142078000
2130,2162,208.149169000
2131,2163,208.149296000
2132,2164,208.173182000
2133,2165,208.173296000
2134,2166,208.190169000
2135,2167,208.190311000
2136,2168,208.205172000
2137,2169,208.205285000
2138,2170,208.230169000
2139,2171,208.230277000
2140,2172,208.253186000
2141,2173,208.253315000
2142,2174,208.261334000
2143,2175,208.261729000
2144,2176,208.262555000
2145,2177,208.262795000
2146,2178,208.277169000
2147,2179,208.277297000
2148,2180,208.301185000
2149,2181,208.301314000
2150,2182,208.808287000
2151,2183,208.808687000
2152,2184,208.809657000
2153,2185,208.813114000
2154,2186,208.815233000
2155,2187,208.815685000
2156,2188,212.588535000
2157,2189,212.588844000
2158,2190,212.588865000
2159,2191,212.589625000
2160,2204,212.589865000
2161,2205,212.590072000
2162,2206,212.590094000
2163,2207,212.590813000
2164,2220,212.591044000
2165,2221,212.591289000
2166,2222,212.591306000
2167,2223,212.591913000
2168,2234,212.592083000
2169,2235,212.592287000
2170,2236,212.592314000
2171,2237,212.592881000
2172,2248,212.593036000
2173,2249,212.593251000
2174,2250,212.593269000
2175,2251,212.593846000
2176,115682,223.666187000
2177,115683,223.666720000
2178,115798,223.683176000
2179,115799,223.683778000
2180,115849,223.693155000
2181,115851,223.693707000
2182,115882,223.703158000
2183,115883,223.703805000
2184,115894,223.713136000
2185,115895,223.713726000
